AUROC,AUPRC,Precision,Recall
0.9883128679175863,0.9882462293285108,0.9502572898799314,0.9618055555555556
