mse,ci,r2
0.19723333,0.9047785619363886,0.739457874592694
0.20195928,0.9041476495738604,0.7401039260706453
0.19701576,0.9068135778405261,0.7347950613308817
